state,district,pincode_count,mean_NMR,mean_NMR_adult,total_enrollments,total_updates,district_NMR
Andhra Pradesh,Adilabad,9,21.077606667960254,18.004502101539952,1997,48222,23.14722083124687
Andhra Pradesh,Alluri Sitharama Raju,5,7.5811036563324965,6.379705501645946,701,6867,8.796005706134094
Andhra Pradesh,Anakapalli,6,14.979946811129485,12.874160990994639,670,10294,14.364179104477612
Andhra Pradesh,Anantapur,43,13.959495090073231,10.957491622010787,4471,70402,14.746365466338627
Andhra Pradesh,Ananthapur,8,12.71533692084682,10.177555223136606,1026,14339,12.975633528265107
Andhra Pradesh,Ananthapuramu,28,14.916694795855543,11.735572540588208,3999,74713,17.682920730182545
Andhra Pradesh,Annamayya,13,17.021067411902905,14.051894952626647,1675,32126,18.179701492537312
Andhra Pradesh,Chittoor,71,18.561262797755592,15.36868929441946,8084,188357,22.29997525977239
Andhra Pradesh,Cuddapah,55,13.605369390487615,11.578017588937064,4995,84330,15.882882882882884
Andhra Pradesh,Dr. B. R. Ambedkar Konaseema,9,19.345189338035638,16.874313150480134,630,13512,20.447619047619046
Andhra Pradesh,East Godavari,85,18.341023880302043,15.984435233373985,7384,151966,19.58044420368364
Andhra Pradesh,Eluru,9,14.170258511992623,12.094070973161577,663,9805,13.788838612368025
Andhra Pradesh,Guntur,85,15.664871937939001,13.506814950423456,9463,186901,18.750713304448904
Andhra Pradesh,Hyderabad,11,10.017469384268546,8.360074546063835,9426,70873,6.518883938043709
Andhra Pradesh,Kakinada,9,21.490730337128635,18.777192754895676,914,23411,24.61378555798687
Andhra Pradesh,Karimnagar,8,11.664633589362687,10.447875848701594,889,10828,11.179977502812148
Andhra Pradesh,Khammam,5,16.687259922974455,14.153216704644478,947,16769,16.707497360084478
Andhra Pradesh,Krishna,66,17.342444355223492,15.142462687462366,6268,127904,19.40587109125718
Andhra Pradesh,Kurnool,72,12.931914983361239,10.606004988188367,11752,193608,15.474472430224642
Andhra Pradesh,N. T. R,5,16.106998458516575,13.974912437962749,736,15043,19.438858695652176
Andhra Pradesh,Nalgonda,8,17.506316067823533,15.777974919043146,1802,35274,18.574916759156494
Andhra Pradesh,Nandyal,6,10.38245316594849,8.269180752724111,792,9842,11.426767676767676
Andhra Pradesh,Nellore,53,8.749876132214954,7.598393993403207,6218,56010,8.007719523962688
Andhra Pradesh,Palnadu,7,15.668515942477724,13.39628935711124,1065,18999,16.83943661971831
Andhra Pradesh,Parvathipuram Manyam,6,22.75003531684253,18.79612210045755,411,11051,25.888077858880777
Andhra Pradesh,Prakasam,80,15.20666751407315,13.132249214322181,7379,119620,15.210868681393142
Andhra Pradesh,Rangareddi,9,14.355775932451154,11.862770859452208,4372,63400,13.501372369624885
Andhra Pradesh,Sri Potti Sriramulu Nellore,15,9.235904255333784,8.040311369497628,2476,28750,10.611470113085621
Andhra Pradesh,Sri Sathya Sai,9,14.984936939400658,11.45181806621824,962,15957,15.587318087318087
Andhra Pradesh,Srikakulam,57,27.368765256490022,22.228484411396536,4156,130709,30.45067372473532
Andhra Pradesh,Tirupati,15,12.498120204125447,10.456921597445,1866,23089,11.37352625937835
Andhra Pradesh,Visakhapatnam,67,19.041817512849892,16.597939590381177,8276,158162,18.11092315128081
Andhra Pradesh,Vizianagaram,48,17.125820650043114,14.528566784888206,4117,79338,18.27082827301433
Andhra Pradesh,Warangal,7,13.80490532443831,12.107556639844193,1298,19647,14.136363636363637
Andhra Pradesh,West Godavari,74,21.184415616263955,18.66548021743248,5531,130697,22.629904176459952
Arunachal Pradesh,Changlang,6,11.415604600676204,9.913298617228564,887,6743,6.602029312288614
Arunachal Pradesh,Papum Pare,5,10.314358768212095,8.607017166284347,417,4584,9.992805755395683
Assam,Baksa,13,6.01290775304868,5.483664799697577,3204,15149,3.728152309612984
Assam,Barpeta,19,5.607424488213929,5.120908004336461,14118,63657,3.508924776880578
Assam,Biswanath,8,7.213016263731761,6.62197671535241,931,8041,7.636949516648765
Assam,Bongaigaon,10,11.126447245717097,10.089482614806219,4032,42720,9.595238095238095
Assam,Cachar,46,3.896515873146285,3.461003469416366,16733,57490,2.435725811271141
Assam,Chirang,5,2.5457695546272014,2.2244150518516297,2150,6914,2.215813953488372
Assam,Darrang,13,3.948049044601494,3.477049200155256,8285,33336,3.023657211828606
Assam,Dhemaji,9,2.5108536030875435,2.22785172621251,6689,20291,2.033487815817013
Assam,Dhubri,15,6.5151489647216305,5.887298347893687,12672,80771,5.373974116161616
Assam,Dibrugarh,22,4.3677632719451225,3.993305833860231,7094,27155,2.8278827177896813
Assam,Goalpara,11,3.4341792443368075,2.9881057852226975,10932,38292,2.502744237102086
Assam,Golaghat,19,2.7063605756410887,2.43571906799139,11402,27864,1.443781792667953
Assam,Hailakandi,14,3.236929048366736,2.8112115068020707,6409,24568,2.8333593384303324
Assam,Hojai,6,4.731718248394181,4.284422809491072,2915,16563,4.681989708404803
Assam,Jorhat,25,3.68484715009629,3.355901750253224,5250,21762,3.145142857142857
Assam,Kamrup,34,3.4870753641972443,3.168912537498095,14160,45538,2.215960451977401
Assam,Kamrup Metro,34,3.986347960212983,3.540057556492731,6143,26335,3.286993325736611
Assam,Karbi Anglong,13,2.0502395615163502,1.8174498124433234,14825,40900,1.7588532883642496
Assam,Karimganj,22,2.961970725333856,2.6172150500215157,13365,39079,1.9239805462027684
Assam,Kokrajhar,13,7.739874642330329,6.996395284270064,4663,23174,3.969761955822432
Assam,Lakhimpur,16,5.720536754784376,5.227325116483456,7387,37383,4.060647082712874
Assam,Marigaon,13,6.560117445428517,5.873320079488898,9996,53048,4.3069227691076435
Assam,Nagaon,22,7.822138794441369,7.237368865387013,13149,87963,5.6897102441250285
Assam,Nalbari,24,3.9022657945136032,3.4450697145773694,3650,19201,4.260547945205479
Assam,Sibsagar,21,4.691445632055621,4.216111469271464,3458,14517,3.1980913823019086
Assam,Sonitpur,30,4.623509722220408,4.204202417392976,9892,46938,3.7450465022240196
Assam,Tinsukia,24,4.861108689743187,4.499615844938602,8317,34411,3.1374293615486355
Assam,Udalguri,12,4.583884765467321,4.184978389677826,3507,13852,2.949814656401483
Bihar,Araria,14,10.190934520825081,9.558329233828365,17597,169192,8.61482070807524
Bihar,Arwal,6,7.462166521544812,6.77483691396426,2967,23529,6.930232558139535
Bihar,Aurangabad,24,10.212443435535402,9.123871873890705,9373,98039,9.459724741278139
Bihar,Banka,23,8.864288219019125,8.151604256323076,11305,110472,8.771959310039806
Bihar,Begusarai,28,9.830919864353957,8.783446923787768,13664,145182,9.625146370023419
Bihar,Bhagalpur,24,8.803299925643783,7.841110959038681,15647,120643,6.710295903368058
Bihar,Bhojpur,36,10.990105733557915,10.098029502846561,13122,137897,9.508840115836001
Bihar,Buxar,25,9.52395348610103,8.522389008165673,7410,77423,9.448448043184886
Bihar,Darbhanga,32,9.761196717458706,8.917277971270364,14786,146508,8.90856215338834
Bihar,East Champaran,38,9.734359018968794,8.997912689257042,44308,248732,4.6137040714995035
Bihar,Gaya,27,7.872753504411958,6.943487096390332,26240,179387,5.83639481707317
Bihar,Gopalganj,17,8.633755438830583,7.894304632415414,12561,97262,6.743173314226574
Bihar,Jamui,11,7.820889541858051,7.118005187859787,10614,69194,5.51912568306011
Bihar,Jehanabad,15,10.209791430275578,9.119391183418324,6357,57212,7.999842693094227
Bihar,Kaimur (Bhabua),10,9.873977132961418,8.976712725219617,8417,74170,7.811928240465724
Bihar,Katihar,20,10.072622555380327,9.33900280962135,17715,189283,9.68489980242732
Bihar,Khagaria,12,8.214180382112005,7.33330944053004,7537,61017,7.095661403741541
Bihar,Kishanganj,7,15.157764691702242,14.447792198659581,9323,152756,15.384854660517002
Bihar,Lakhisarai,6,9.719450833163934,8.725466227418645,5762,44440,6.712599791738979
Bihar,Madhepura,14,9.485747726960513,8.750396211637032,12626,115707,8.164185015048313
Bihar,Madhubani,38,8.39547654725059,7.713199327563328,25901,176233,5.804100227790433
Bihar,Munger,9,8.567011776251322,7.819452833134267,7875,56681,6.197587301587301
Bihar,Muzaffarpur,48,9.334605895800538,8.577588501032357,30174,221281,6.333499038907669
Bihar,Nalanda,26,14.800664763130715,13.615990279773264,14207,168562,10.864714577321038
Bihar,Nawada,23,5.96344307386103,5.404190596042987,17365,94866,4.463057875035992
Bihar,Patna,54,11.548546718022418,10.461338051294318,23776,228486,8.609942799461642
Bihar,Purnia,15,6.768670280965819,6.283455710444758,16044,112597,6.018012964348043
Bihar,Rohtas,27,16.130932469293196,14.630107573770363,6899,105150,14.241339324539789
Bihar,Saharsa,13,6.195555032019423,5.636510038114971,14173,88324,5.2318492909052425
Bihar,Samastipur,36,10.909496279496315,9.993508133662367,19059,203796,9.692900991657485
Bihar,Saran,49,6.848555081740203,6.170401052458987,23578,166011,6.040927983713631
Bihar,Sitamarhi,20,5.412014841551782,4.907983072232044,40154,149224,2.7162922747422424
Bihar,Siwan,36,7.467657948667953,6.743735156956567,18571,136436,6.346723385924291
Bihar,Supaul,18,9.36169560806136,8.752600692638884,9856,102177,9.366984577922079
Bihar,Vaishali,33,7.768173084918082,7.055258418110508,18010,157187,7.72776235424764
Bihar,West Champaran,18,6.725182179311905,6.187754387492882,46793,234385,4.008975701493813
Chandigarh,Chandigarh,15,24.76243110637654,20.937149260469713,2753,84071,29.537958590628406
Chhattisgarh,Balod,8,37.41893401693105,33.53420101585586,1953,73426,36.59651817716334
Chhattisgarh,Baloda Bazar,14,21.361351228137693,19.80737279021594,4835,111134,21.985315408479835
Chhattisgarh,Balrampur,5,9.543830574125623,8.822373177134928,5807,58811,9.127604615119683
Chhattisgarh,Bastar,9,10.233423726742835,8.937066674958645,6797,80325,10.81771369721936
Chhattisgarh,Bemetara,8,26.26949806421859,24.412532804656642,3339,93877,27.11530398322851
Chhattisgarh,Bijapur,6,3.235937859219366,2.8505393829354158,7392,15820,1.1401515151515151
Chhattisgarh,Bilaspur,16,15.22216365787403,13.795782910162377,8901,126844,13.25053364790473
Chhattisgarh,Dakshin Bastar Dantewada,5,4.939928024606886,3.5817065951386993,1322,8555,5.47125567322239
Chhattisgarh,Dhamtari,7,19.893000415930317,18.445618131042902,2076,45478,20.90655105973025
Chhattisgarh,Durg,15,17.858951665167247,15.369440859380111,3785,71043,17.769616908850725
Chhattisgarh,Gariyaband,7,17.415533450869997,16.539005281423595,1449,27390,17.902691511387165
Chhattisgarh,Janjgir-champa,11,19.46878219655133,18.178489506464974,3264,62993,18.299325980392158
Chhattisgarh,Jashpur,12,27.751516581891654,24.11662323327201,2323,59398,24.569522169608266
Chhattisgarh,Kanker,9,17.963271262100957,16.259217295722895,1862,31500,15.917293233082706
Chhattisgarh,Kondagaon,7,15.197370253265627,13.776983235852457,3427,68309,18.932594105631747
Chhattisgarh,Korba,15,16.146914915261522,14.893916778666323,3815,87408,21.911664482306684
Chhattisgarh,Koriya,7,15.261979037718339,14.053276313054496,1680,30383,17.08511904761905
Chhattisgarh,Mahasamund,6,34.652429497477875,32.4074318539606,3289,134385,39.858923685010645
Chhattisgarh,Mungeli,5,22.545908501512862,21.05931091326199,3995,97679,23.450312891113892
Chhattisgarh,Raigarh,14,29.615343187936723,28.001755191480672,5081,89284,16.572131470183034
Chhattisgarh,Raipur,23,15.410785158434964,13.820824964578803,6820,128658,17.86480938416422
Chhattisgarh,Rajnandgaon,10,33.706289281335096,30.894678282168428,4032,121553,29.14707341269841
Chhattisgarh,Surajpur,7,19.066045585815566,17.50497330039452,3885,92644,22.846589446589448
Delhi,Central Delhi,7,14.348427158975438,12.988340502069201,3759,49054,12.04974727321096
Delhi,East Delhi,7,20.151557813200693,17.028989551048618,14330,217761,14.196161898115841
Delhi,North West Delhi,17,17.798081565365923,15.607861053394561,17526,313916,16.91144585187721
Delhi,South Delhi,19,12.605331337479285,11.340341887618235,13369,215039,15.084897898122522
Delhi,South West Delhi,22,14.775867674573595,13.022985787480012,9245,131429,13.216224986479178
Delhi,West Delhi,10,17.984165524021243,15.907099302044177,20665,271035,12.115654488265182
Goa,North Goa,14,13.181569502252094,11.829969571418127,873,11984,12.72737686139748
Goa,South Goa,12,15.403316929726733,13.916162791876005,717,11573,15.140864714086472
Gujarat,Ahmadabad,6,9.859311977411364,8.679721775948112,3593,37439,9.41998330086279
Gujarat,Ahmedabad,66,10.546424284593265,9.15832171767993,22816,245958,9.780066619915848
Gujarat,Amreli,27,7.092096585636677,6.414316181851597,4239,27208,5.418494928049068
Gujarat,Anand,45,6.227413002149039,5.5548424833838315,6769,38446,4.6797163539666125
Gujarat,Arvalli,12,6.844244764781667,5.698652099479255,2683,15861,4.911666045471487
Gujarat,Banaskantha,27,2.6924314541940504,2.200288886323502,30864,75721,1.4533761016070503
Gujarat,Bharuch,30,9.387105459055814,7.9153004806752545,4012,46174,10.508973080757727
Gujarat,Bhavnagar,36,6.138237439842313,5.296885343554725,12031,59719,3.963760285928019
Gujarat,Botad,6,8.696563657124102,7.224244575865697,583,4821,7.269296740994855
Gujarat,Chhotaudepur,14,5.138194894583243,4.369073007175556,5117,23973,3.684971663083838
Gujarat,Dahod,10,1.5980021508962812,1.2971356716852116,17547,30363,0.730381261754146
Gujarat,Devbhumi Dwarka,7,6.135148195457406,5.626314411042114,1284,7449,4.8014018691588785
Gujarat,Gandhinagar,22,10.248667939832416,9.001730373977027,4935,52414,9.620871327254306
Gujarat,Gir Somnath,13,3.60045363037388,3.0383915071985537,5705,22082,2.8706397896581946
Gujarat,Jamnagar,31,7.431312865586428,6.594684780731985,6844,43176,5.308591466978375
Gujarat,Junagadh,30,5.479073178676775,4.685868835742019,5532,28033,4.067425885755604
Gujarat,Kachchh,40,7.881149901802557,6.83565449930377,9051,64039,6.07535078996796
Gujarat,Kheda,41,7.541317331625027,6.489395435009125,7575,50176,5.623894389438944
Gujarat,Mahesana,37,7.57353791311627,6.451432659288557,6326,48692,6.697122984508378
Gujarat,Mahisagar,7,5.384323563224439,4.75262862072709,1249,7744,5.200160128102482
Gujarat,Morbi,6,3.1411832912579776,2.6825512833814265,6293,20876,2.3173367233433972
Gujarat,Narmada,10,10.39353579514123,8.177770658036703,1400,15682,10.201428571428572
Gujarat,Navsari,18,10.519106866251237,8.532962863480034,2453,24358,8.92988177741541
Gujarat,Panchmahals,21,3.6099957051890716,3.1104748583437316,11252,37720,2.3522929257020975
Gujarat,Patan,19,4.705462523008579,4.180455929938018,8921,29323,2.2869633449164892
Gujarat,Porbandar,9,7.2073552769058535,6.047969690436183,2444,13068,4.346972176759411
Gujarat,Rajkot,35,7.005041453489548,6.422488471542072,17731,137959,6.780666629067735
Gujarat,Sabarkantha,28,7.352791312375806,6.211347086112087,6580,33485,4.088905775075988
Gujarat,Surat,53,13.714677595973072,12.063983204613546,25099,352101,13.02848719072473
Gujarat,Surendra Nagar,28,4.8942154932333315,4.319664464979072,9461,36393,2.8466335482507135
Gujarat,Tapi,16,6.054035289925172,4.678834369485239,2259,14139,5.258964143426295
Gujarat,Vadodara,57,8.19067168576355,7.184507669655578,11377,86625,6.614045882042718
Gujarat,Valsad,26,8.317140059885,6.508366320888884,7219,47487,5.578057902756615
Haryana,Ambala,14,8.297338650154309,7.316050436568628,3095,32611,9.536672051696284
Haryana,Bhiwani,21,8.305202081359601,7.177822262097119,3828,39772,9.389759665621735
Haryana,Charkhi Dadri,5,11.317206504370482,9.818172054021453,491,6478,12.193482688391038
Haryana,Faridabad,12,12.973309058567855,11.420306970583107,16217,161219,8.941357834371338
Haryana,Fatehabad,10,11.02018332531052,9.769841390577465,2940,44289,14.064285714285715
Haryana,Gurgaon,22,14.398101744530088,12.745792201646283,8784,110272,11.553734061930783
Haryana,Hisar,14,9.799519125204212,8.66646008100063,4903,60880,11.416887619824598
Haryana,Jhajjar,15,6.664932807584749,5.812644314470883,2503,32051,11.8050339592489
Haryana,Jind,11,9.135899526834969,8.072548666588405,3821,44013,10.518712378958387
Haryana,Kaithal,11,10.16131992000736,8.766914604235701,2991,39991,12.37044466733534
Haryana,Karnal,15,7.660609647724928,6.470632077867818,4048,49131,11.137104743083004
Haryana,Kurukshetra,12,7.901048215930657,6.832814210734729,2404,28692,10.935108153078202
Haryana,Mahendragarh,8,8.428160977436514,7.379166154025226,2755,28536,9.357894736842105
Haryana,Mewat,6,7.264516170217241,6.416513942218512,9923,76246,6.683764990426282
Haryana,Palwal,5,12.970363648017178,11.442060058794922,4627,68051,13.70736978603847
Haryana,Panchkula,12,21.882200535244866,18.453144383614113,1301,33254,24.56033820138355
Haryana,Panipat,12,8.236774867488146,7.079765128010695,6083,69038,10.349334210093703
Haryana,Rewari,11,12.233104056738144,10.391773913702606,2272,42577,17.73987676056338
Haryana,Rohtak,15,5.2626286175491055,4.39180994684938,3507,26708,6.615625891074993
Haryana,Sirsa,14,12.487619751240278,11.276324356877875,3336,55165,15.536270983213429
Haryana,Sonipat,21,8.669887870805299,7.513042765771013,4619,60664,12.133578696687595
Haryana,Yamuna Nagar,12,12.979194082012176,11.377272352830763,3416,52112,14.255269320843091
Himachal Pradesh,Bilaspur,13,5.236097208021746,4.3444246574696415,770,5283,5.861038961038961
Himachal Pradesh,Chamba,18,10.394571230621446,8.440437252756414,1545,18077,10.70032362459547
Himachal Pradesh,Hamirpur,16,3.6273011162131086,3.0722466169050624,704,3882,4.514204545454546
Himachal Pradesh,Kangra,48,7.205238783813283,6.337200680049996,3049,26274,7.617251557887832
Himachal Pradesh,Kullu,13,7.677690509734552,6.561369372228584,916,7238,6.901746724890829
Himachal Pradesh,Mandi,36,5.3476758895312475,4.442998000719394,2289,14508,5.3381389252948885
Himachal Pradesh,Shimla,25,8.833333608224134,7.680371741058433,1371,12586,8.180160466812545
Himachal Pradesh,Sirmaur,12,10.31934294066753,8.66636509211187,1502,19146,11.747003994673769
Himachal Pradesh,Solan,14,5.892386223291589,4.930583951186412,1026,7844,6.645224171539961
Himachal Pradesh,Una,17,6.484156220735308,5.644343402894951,971,7988,7.226570545829042
Jammu and Kashmir,Anantnag,14,9.16318701362849,7.582118555491055,4550,47699,9.483296703296704
Jammu and Kashmir,Bandipore,5,8.06210480228722,6.720375075127059,2190,22979,9.49269406392694
Jammu and Kashmir,Baramula,12,7.691544262431581,6.29724054222098,3311,30310,8.154334038054968
Jammu and Kashmir,Budgam,5,9.092174766226888,7.000675378132456,2637,29895,10.33674630261661
Jammu and Kashmir,Doda,6,2.4483481167293513,2.005069751197716,2279,7033,2.086002632733655
Jammu and Kashmir,Jammu,34,6.622181568376078,6.0725648969994275,4427,33317,6.525864016263836
Jammu and Kashmir,Kathua,14,6.161778664041777,5.52025713853348,2739,19490,6.115735669952538
Jammu and Kashmir,Kupwara,7,12.204529733306114,10.029236411566307,3024,46075,14.236441798941799
Jammu and Kashmir,Pulwama,9,7.230985149734339,5.675981997542971,1881,21093,10.213716108452951
Jammu and Kashmir,Rajouri,12,4.98440969317113,4.099483168856895,2659,15658,4.888679954870252
Jammu and Kashmir,Samba,5,6.969463504249622,6.270252473560431,756,6758,7.939153439153439
Jammu and Kashmir,Srinagar,20,10.574361622078657,9.501480291783427,3297,39766,11.061267819229602
Jammu and Kashmir,Udhampur,13,4.787438917233265,4.350763121939317,3167,18448,4.825071045153142
Jharkhand,Bokaro,30,12.070779770441797,11.198924237638774,5682,69679,11.263111580429426
Jharkhand,Chatra,6,6.617473010885558,5.9527072699911265,6378,48242,6.563813107557228
Jharkhand,Deoghar,16,7.226869042323099,6.657862889562163,12063,86339,6.157340628367736
Jharkhand,Dhanbad,41,11.094089828147137,10.393848170602391,10881,106693,8.805440676408418
Jharkhand,Dumka,17,11.245375424409515,10.476877871061642,5488,61174,10.146865889212828
Jharkhand,East Singhbhum,19,7.059323317846001,6.528988991314061,7044,47543,5.749432140829074
Jharkhand,Garhwa,7,6.658782778623737,6.01370888391868,4008,30188,6.531936127744511
Jharkhand,Giridih,19,8.420963327475047,7.700287560561314,14729,129369,7.78328467648856
Jharkhand,Godda,9,10.082335675416147,9.348325859733729,5590,60500,9.822898032200358
Jharkhand,Gumla,15,7.2165856320900446,6.616468210468637,7820,60661,6.757161125319693
Jharkhand,Hazaribagh,15,10.125891240294315,9.128830651329716,4552,54496,10.971880492091389
Jharkhand,Koderma,5,7.234820881298573,6.715773808207603,2367,19717,7.329953527672159
Jharkhand,Latehar,8,14.824027901775354,13.614966683355444,2940,43511,13.799659863945578
Jharkhand,Palamu,12,11.326124266870687,10.316655704807784,8078,95511,10.823594949244862
Jharkhand,Purbi Singhbhum,6,6.142293562166245,5.632437425481108,2085,10243,3.9127098321342926
Jharkhand,Ramgarh,20,11.780629565579183,10.904691450741419,3081,35806,10.621551444336255
Jharkhand,Ranchi,26,7.687242136870262,7.001166701592606,14512,105202,6.249310915104741
Jharkhand,Sahebganj,8,11.119847236309406,10.28246001572411,4282,52109,11.169313404950957
Jharkhand,Seraikela-Kharsawan,9,6.2080307839348805,5.749701460911034,2816,20827,6.395951704545454
Jharkhand,Simdega,5,10.88355557221961,10.021906406217916,1320,16501,11.500757575757575
Jharkhand,West Singhbhum,13,9.195785316825908,8.584682505483888,7462,69132,8.26454033771107
Karnataka,Bagalkot,31,6.318467493043628,4.313245370892818,6455,47047,6.28845855925639
Karnataka,Ballari,12,4.2954125421763125,3.5096707930524187,2634,16174,5.140470766894457
Karnataka,Bangalore,36,7.0323426740221535,6.103131060825862,18304,115504,5.310314685314685
Karnataka,Bangalore Rural,10,15.11904352313798,13.39119603887288,2167,41474,18.138901707429625
Karnataka,Belagavi,48,7.057533948679954,5.3459978523374,6661,49786,6.474253115147875
Karnataka,Belgaum,50,7.779894737609474,5.889262670345824,7752,66508,7.579463364293086
Karnataka,Bellary,15,5.672091986197935,4.564811983119743,3297,24678,6.48498635122839
Karnataka,Bengaluru,63,6.394422272844862,5.572162707106328,45129,235766,4.224268208912229
Karnataka,Bidar,25,7.515479651044752,6.278766449304609,4920,43059,7.751829268292683
Karnataka,Bijapur,16,5.751499962193956,4.06952653670345,3020,20297,5.720860927152318
Karnataka,Chamrajanagar,15,5.599083528439833,4.795940477652894,2559,16499,5.447440406408753
Karnataka,Chickmagalur,14,7.274112804500417,6.272211232533105,1089,9235,7.480257116620753
Karnataka,Chikkaballapur,20,9.112166365895096,7.952180219984958,3167,36353,10.478686454057467
Karnataka,Chikkamagaluru,12,5.913816404432429,5.166705988446206,773,5926,6.666235446313066
Karnataka,Chitradurga,35,9.425379978412144,8.088254722528347,4375,46956,9.7328
Karnataka,Dakshina Kannada,77,7.990717607688156,6.735624395758967,6228,53024,7.513808606294155
Karnataka,Davanagere,9,6.317116637975456,5.224517022793332,2059,17242,7.3739679456046625
Karnataka,Davangere,27,4.622277976989642,3.8485674496701705,3440,19733,4.7363372093023255
Karnataka,Dharwad,34,9.154743515364503,6.812804022473024,5036,54566,9.835186656076251
Karnataka,Gadag,21,5.245024035918929,3.5779004850625067,4569,29117,5.372729262420661
Karnataka,Gulbarga,17,4.913146958621331,4.000329714655983,5290,33584,5.348582230623818
Karnataka,Hasan,15,9.874021204764885,8.429288035864765,1125,14391,11.792
Karnataka,Hassan,24,10.886013851235392,9.357614092532543,2109,30355,13.39307728781413
Karnataka,Haveri,27,11.170411796110052,8.305838588274126,4271,56518,12.23296651837977
Karnataka,Kalaburagi,19,6.796704510615723,5.479494406900458,3838,31004,7.078165711307973
Karnataka,Kodagu,16,8.862619278860222,7.855656798865848,1051,9688,8.217887725975261
Karnataka,Kolar,24,8.014152178675944,6.881918979828441,4103,46207,10.261759688033147
Karnataka,Koppal,21,6.205352084580314,4.903902723909426,5384,43036,6.9933135215453195
Karnataka,Mandya,37,9.334577386584119,8.318519450266711,3536,39833,10.264988687782806
Karnataka,Mysore,30,6.082308405579604,5.344117473029626,3155,23180,6.347068145800317
Karnataka,Mysuru,23,7.794404293049394,6.867667142575038,4078,32903,7.0684158901422265
Karnataka,Raichur,30,3.5665159723787534,2.8988367584810253,9779,48164,3.9252479803660907
Karnataka,Ramanagar,17,9.311294138946081,8.291285828177697,3984,46099,10.571034136546185
Karnataka,Shimoga,13,6.763611513475828,5.623183226862805,1659,14408,7.684749849306812
Karnataka,Shivamogga,26,7.244978680384239,6.187327013533698,2593,24133,8.306980331662167
Karnataka,Tumakuru,25,7.904247718585083,6.76044023082475,2942,29134,8.902787219578517
Karnataka,Tumkur,28,7.544199042620018,6.498150394715838,2859,24391,7.531304651976216
Karnataka,Udupi,52,7.0361931859078215,5.875620219867244,3282,24458,6.452163315051798
Karnataka,Uttara Kannada,36,7.304080387954802,6.220428930007657,2748,24217,7.8125909752547305
Karnataka,Vijayanagara,14,7.379198990665757,6.018615648687837,2897,25085,7.658957542285123
Karnataka,Vijayapura,27,5.4022771059473556,3.9583283740402213,6852,42151,5.151634559252773
Karnataka,Yadgir,18,3.746633402606662,2.807489623599601,6284,31558,4.02196053469128
Kerala,Alappuzha,51,9.252063072830094,8.51820576976527,2528,26653,9.543117088607595
Kerala,Ernakulam,87,9.796822690254615,8.871086854614198,5598,58504,9.450875312611647
Kerala,Idukki,24,7.821949390664048,6.928413999204722,1252,11243,7.9800319488817895
Kerala,Kannur,75,8.772487104467295,7.997867954792917,5519,53598,8.711541946004711
Kerala,Kasaragod,29,6.748415353762822,6.1087297840596175,3918,30475,6.778203164880041
Kerala,Kollam,69,9.17910702699293,8.316231030310682,4276,43635,9.20463049579046
Kerala,Kottayam,51,7.684482877171222,6.986831645186539,2265,19327,7.532891832229581
Kerala,Kozhikode,75,12.689169701409257,11.284040499982618,6542,87700,12.405686334454295
Kerala,Malappuram,92,9.68972999995569,8.964286911580402,14400,150641,9.461180555555556
Kerala,Palakkad,81,6.562435995188362,5.956999555329313,5663,42137,6.440755783153805
Kerala,Pathanamthitta,22,9.05480289187537,8.063262528851887,846,8618,9.18676122931442
Kerala,Thiruvananthapuram,95,8.771098785828924,7.956889965294407,6176,60211,8.749190414507773
Kerala,Thrissur,100,7.218346752517902,6.520426405733627,5825,48250,7.283261802575107
Kerala,Wayanad,15,10.94038434848736,9.80554942042746,1414,17057,11.062942008486562
Madhya Pradesh,Alirajpur,5,3.5011215874903514,3.1068435301422563,3240,15520,3.7901234567901234
Madhya Pradesh,Anuppur,9,5.825323161549629,4.972957013806834,2889,19948,5.904811353409484
Madhya Pradesh,Balaghat,21,10.740198652740917,8.797545769378615,7409,83818,10.312997705493318
Madhya Pradesh,Barwani,7,2.7840941880794783,2.228147613527013,20936,80096,2.8257546809323655
Madhya Pradesh,Betul,20,5.740962124181281,4.253298589070215,8915,50466,4.660796410544027
Madhya Pradesh,Bhind,20,4.066165182383986,3.4041584670623406,13967,58017,3.1538626763084414
Madhya Pradesh,Bhopal,27,7.263319692115884,6.271820733616636,12789,90466,6.073735241222926
Madhya Pradesh,Chhatarpur,20,3.6859159356263818,2.9850073547613363,17836,79857,3.477293115048217
Madhya Pradesh,Chhindwara,23,7.448619716202508,5.88048408755569,8310,88127,9.604933814681107
Madhya Pradesh,Damoh,12,7.143369166381078,6.156567305573238,6062,55442,8.14582645991422
Madhya Pradesh,Datia,9,5.044540855584187,4.215507509360202,5844,36452,5.23750855578371
Madhya Pradesh,Dewas,13,2.9889563082529724,2.574146541150949,10399,47189,3.5378401769400902
Madhya Pradesh,Dhar,15,6.758680332652814,5.789561463117334,12440,86471,5.95104501607717
Madhya Pradesh,Dindori,7,17.297164023630803,13.985666160456045,2698,47578,16.63454410674574
Madhya Pradesh,East Nimar,8,2.944187183014681,2.291090859310104,5622,19614,2.4887940234791888
Madhya Pradesh,Guna,14,4.2850180923051,3.6898042244040985,15225,83265,4.468965517241379
Madhya Pradesh,Gwalior,17,4.812160493012516,4.008494379743094,18401,81116,3.408238682680289
Madhya Pradesh,Hoshangabad,10,2.153357878051865,1.7305193622679003,5439,15955,1.933443647729362
Madhya Pradesh,Indore,29,7.437767063977867,6.39628338476487,22531,187428,7.3186720518396875
Madhya Pradesh,Jabalpur,23,5.265925386976161,4.64382093127732,12935,92799,6.17425589485891
Madhya Pradesh,Jhabua,9,2.9511322085877847,2.5627603574116744,17254,47548,1.7557667787179785
Madhya Pradesh,Katni,12,3.6817389126132216,2.9878824934624704,10440,56036,4.367432950191571
Madhya Pradesh,Khandwa,6,2.9645574504081313,2.0020478196921823,2693,7790,1.8926847382101746
Madhya Pradesh,Khargone,15,1.964322375611294,1.5585169797463188,16394,43993,1.683481761620105
Madhya Pradesh,Mandla,13,9.554728586104222,7.689112219147702,4270,52292,11.246370023419203
Madhya Pradesh,Mandsaur,18,5.186102072373172,4.044183190526657,8361,54237,5.486903480444923
Madhya Pradesh,Morena,11,4.719985578792095,4.010068854273386,22315,109954,3.9273582791844053
Madhya Pradesh,Narsinghpur,13,3.408275349831539,2.760273251509649,5391,26166,3.853644963828603
Madhya Pradesh,Neemuch,12,5.36519750477644,4.438349146784169,4879,36794,6.541299446607911
Madhya Pradesh,Panna,10,4.082339530682521,3.495576493271841,9304,42685,3.587811693895099
Madhya Pradesh,Raisen,17,4.8443750125950995,4.011962908733107,7589,42934,4.657398866780867
Madhya Pradesh,Rajgarh,14,3.983341576617744,3.108233774097339,8170,42275,4.174418604651163
Madhya Pradesh,Ratlam,13,5.959986570393208,5.016450306265939,7983,79411,8.947513466115495
Madhya Pradesh,Rewa,26,6.224575950164213,5.427428790243028,9849,75925,6.7089044573053105
Madhya Pradesh,Sagar,25,5.050805102663311,4.379370694929981,13841,87860,5.347807239361318
Madhya Pradesh,Satna,22,5.641399249047499,4.845964522651309,12246,79797,5.516168544830966
Madhya Pradesh,Sehore,18,4.136400774179612,3.322014352454556,6518,27868,3.275544645596809
Madhya Pradesh,Seoni,16,11.670812667131333,9.820356372164946,6079,74280,11.219114986017438
Madhya Pradesh,Shahdol,13,8.178218991781874,6.981286131810609,9151,79846,7.725385203802863
Madhya Pradesh,Shajapur,16,2.480980505214753,1.991595002206336,6951,26073,2.7509710832973675
Madhya Pradesh,Sheopur,5,5.961791205016117,5.01298613363742,7296,39268,4.382127192982456
Madhya Pradesh,Shivpuri,16,4.980870220761092,4.382496381090057,12278,65981,4.373920834012054
Madhya Pradesh,Sidhi,7,6.634880132331487,5.708389224865627,3590,27821,6.74958217270195
Madhya Pradesh,Singrauli,8,6.807006734812489,5.704523658954405,7047,58935,7.363133248190719
Madhya Pradesh,Tikamgarh,15,5.344123299890544,4.396611963419957,6640,45313,5.824246987951807
Madhya Pradesh,Ujjain,22,3.524484894318951,2.9298588841737456,14349,76759,4.349432016168374
Madhya Pradesh,Umaria,5,5.699221896570886,5.03147217628012,3941,34569,7.7716315655924895
Madhya Pradesh,Vidisha,12,3.7029022783850727,2.848368845634141,10376,49306,3.751927525057826
Maharashtra,Ahmadnagar,79,20.17357475761002,19.39796708270144,11375,221521,18.474373626373627
Maharashtra,Ahmed Nagar,5,12.02849585577895,11.46196573782577,917,9721,9.600872410032716
Maharashtra,Akola,24,16.790410776895914,16.032957292766408,4709,61546,12.069866213633468
Maharashtra,Amravati,38,15.989177738752863,15.006723197572473,6850,94332,12.771094890510948
Maharashtra,Aurangabad,33,12.119677724081823,11.528566606212786,17596,161771,8.193623550807002
Maharashtra,Beed,24,24.066301247915973,23.07341444093532,10502,177733,15.923728813559322
Maharashtra,Bhandara,17,22.81036748377093,21.86734404667393,1713,32508,17.97723292469352
Maharashtra,Buldhana,27,18.58818903144993,17.976990278685843,7170,111733,14.583403068340306
Maharashtra,Chandrapur,28,28.55854643199257,27.73705081422307,4403,110397,24.073131955484897
Maharashtra,Dhule,25,4.881420095969096,4.572188304913255,12696,62495,3.922416509136736
Maharashtra,Gadchiroli,15,20.913163701739975,19.973579368568135,2378,52904,21.24726661059714
Maharashtra,Gondiya,12,29.488828724870263,28.36520881759648,3157,71784,21.73804244535952
Maharashtra,Hingoli,8,17.232520786989465,16.75740783207256,8400,112399,12.380833333333333
Maharashtra,Jalgaon,54,13.43806356942914,12.83574505124016,13111,149151,10.376020135763863
Maharashtra,Jalna,19,18.06748036123527,17.24061632091212,5963,85939,13.412040919000503
Maharashtra,Kolhapur,68,16.883242453556562,16.126124231493733,7322,127615,16.428981152690522
Maharashtra,Latur,24,20.705735312011974,19.869726468102034,7649,126303,15.51235455615113
Maharashtra,Mumbai,40,9.748715788108548,9.001164583064304,17330,176008,9.156260819388343
Maharashtra,Mumbai City,15,11.659626465578267,10.713109731721016,4374,57551,12.157521719250115
Maharashtra,Mumbai Suburban,25,12.37409629883365,11.24791298244513,11714,136283,10.634198395082807
Maharashtra,Nagpur,59,14.277806935904099,13.196213660635207,11739,157477,12.414856461368089
Maharashtra,Nanded,37,24.545979788847728,23.878874542447704,12157,230768,17.982314715801596
Maharashtra,Nandurbar,18,4.020403551598539,3.6997333932106553,9217,38078,3.1312791580774655
Maharashtra,Nashik,71,13.625524690619491,12.872040678668156,22290,245246,10.002512337371018
Maharashtra,Osmanabad,21,25.914731294299557,25.16648410695015,3806,98715,24.93667892800841
Maharashtra,Palghar,26,13.761810112999342,13.054310493662532,5817,86370,13.84785972150593
Maharashtra,Parbhani,16,22.72571592113605,21.91396982910191,5777,103340,16.88817725463043
Maharashtra,Pune,124,15.091697582465752,14.149191733871044,31456,431863,12.729113682604273
Maharashtra,Raigad,14,12.474313011404261,11.639303540347347,5064,62133,11.269549763033176
Maharashtra,Raigarh,27,14.869617941115067,14.290315196854953,3280,59594,17.16890243902439
Maharashtra,Ratnagiri,28,19.135635295830003,18.195804510868182,1957,37904,18.36842105263158
Maharashtra,Sangli,46,14.051398729036585,13.482512645428294,7268,83744,10.522289488167308
Maharashtra,Satara,54,18.753107385853134,17.940963241404127,5537,88564,14.994943109987357
Maharashtra,Sindhudurg,10,24.247672481909312,23.27844474791742,653,15073,22.08269525267994
Maharashtra,Solapur,62,27.79457675561583,27.030016225157812,12101,256312,20.181059416577142
Maharashtra,Thane,56,11.831848088308018,10.944056635674531,46066,460038,8.986497633829723
Maharashtra,Wardha,15,14.913507159504265,13.877913736648315,1946,30241,14.540082219938334
Maharashtra,Washim,11,19.117552307505893,18.562712129048908,3391,54696,15.129755234444117
Maharashtra,Yavatmal,32,37.459467046350525,36.548673034287894,7569,195555,24.836305984938566
Manipur,Churachandpur,8,11.540339742613734,9.77023016991515,5554,39565,6.123694634497659
Manipur,Imphal West,8,48.98866596180121,43.12477483220968,1153,49989,42.35559410234172
Manipur,Senapati,14,27.775967537852278,22.861864428340887,1887,50177,25.59088500264971
Manipur,Thoubal,5,51.009954706150374,43.88652696050897,1129,59254,51.483613817537645
Meghalaya,East Khasi Hills,27,-0.24907627844754648,-0.32882189697165376,30908,18840,-0.39044907467322376
Meghalaya,Ri Bhoi,7,0.21960947933599934,0.09067288515044206,8862,7761,-0.12423832092078538
Meghalaya,South Garo Hills,5,-0.19444935384543433,-0.24446548728474743,8768,6516,-0.2568430656934307
Meghalaya,West Garo Hills,5,0.31171640124778055,0.21161136403349512,10930,12796,0.1707227813357731
Mizoram,Aizawl,10,11.833507001953267,10.156811889062983,922,11412,11.377440347071584
Nagaland,Kohima,5,0.29515735998165343,0.14310011068476297,1556,2479,0.5931876606683805
Odisha,Angul,19,9.021332230375545,7.693865305722406,3116,30608,8.822849807445444
Odisha,Balangir,22,6.927436307640765,5.95399197624416,4277,32980,6.711012391863456
Odisha,Baleshwar,6,4.526013795762733,3.6480978514493194,1235,5967,3.831578947368421
Odisha,Baleswar,35,8.12264328198289,6.624085589501286,4690,39967,7.5217484008528785
Odisha,Bargarh,23,6.409172366686683,5.462406904613923,5092,34543,5.783778476040848
Odisha,Bhadrak,34,8.007796860836736,6.464280266403786,4630,41512,7.965874730021598
Odisha,Boudh,10,5.622188877678258,4.713411190631179,1552,10335,5.659149484536083
Odisha,Cuttack,43,8.658939170667816,7.4963929456767024,4957,47241,8.530159370587048
Odisha,Dhenkanal,20,9.28764649079536,7.755917349462875,2907,29047,8.992088063295494
Odisha,Gajapati,14,11.609398510045226,9.785043156774924,1976,20921,9.587550607287449
Odisha,Ganjam,75,11.689034666930064,10.03036896112822,8092,98328,11.15126050420168
Odisha,JAJPUR,14,7.690219527119347,6.410807687205639,1927,16860,7.749351323300467
Odisha,Jagatsinghapur,17,4.553781869753152,3.842970551706363,2376,13127,4.52483164983165
Odisha,Jagatsinghpur,5,5.555363368692299,4.700072579850942,590,3822,5.477966101694915
Odisha,Jajapur,19,8.17221998418085,6.867838820705361,2905,26680,8.184165232358003
Odisha,Jharsuguda,13,12.892899246563896,11.377712389553839,1061,15145,13.274269557021677
Odisha,Kalahandi,25,10.30366059385043,8.979785346107745,4488,47335,9.547014260249554
Odisha,Kandhamal,20,8.91808592828173,7.500432348710123,2937,30648,9.435137895812053
Odisha,Kendrapara,29,8.856718546272765,7.554837196284446,4415,39931,8.044394110985278
Odisha,Kendujhar,33,9.3966613064106,7.97539757304932,4853,48583,9.010921079744488
Odisha,Khorda,40,7.777182593954992,6.593279346488683,4275,35931,7.404912280701755
Odisha,Koraput,25,9.840645844042003,8.524756449631292,4941,44476,8.001416717263712
Odisha,Malkangiri,8,7.058705359140477,5.932320550919474,2611,19312,6.396399846801992
Odisha,Mayurbhanj,62,8.137436155039927,6.894965691950072,8033,69979,7.7114403087265035
Odisha,Nabarangapur,13,5.404213120008953,4.73658151995635,6354,40216,5.329241422725842
Odisha,Nayagarh,23,9.197482296159878,7.721602726325275,2462,23543,8.5625507717303
Odisha,Nuapada,6,7.407651052116674,6.251707461751363,1866,15283,7.190246516613076
Odisha,Puri,23,8.105881939379403,6.969351322995407,3154,29809,8.451173113506659
Odisha,Rayagada,13,10.335850061091346,8.925386856448513,2707,29045,9.729589951976358
Odisha,Sambalpur,21,10.466575720872942,9.077284262796146,2718,31054,10.425312729948491
Odisha,Sonapur,7,8.051516261651757,6.837924980985031,1862,17266,8.272824919441462
Odisha,Sundargarh,8,9.152920435070374,7.987063930852136,729,7148,8.805212620027435
Odisha,Sundergarh,37,9.930396756155943,8.632598023111322,3550,39326,10.07774647887324
Orissa,Balangir,5,7.013211521552594,6.079754759871576,1436,9900,5.894150417827298
Orissa,Baleshwar,7,6.433875815171645,5.263745068806455,1295,9054,5.991505791505792
Orissa,Cuttack,5,5.812794715802907,5.100443443782854,357,2450,5.862745098039215
Orissa,Khordha,6,6.298383870955722,5.419162299957919,1197,9006,6.523809523809524
Puducherry,Karaikal,5,9.12961922933137,6.852800509878108,312,3240,9.384615384615385
Puducherry,Puducherry,13,9.551069670351986,8.251276566958607,1881,17033,8.055289739500266
Punjab,Amritsar,29,8.353417530366,7.906151838059762,9250,86830,8.387027027027028
Punjab,Barnala,8,12.91754612118418,12.248070712754647,950,12974,12.656842105263157
Punjab,Bathinda,16,11.989076753234816,11.356214400850591,2671,36974,12.8427555222763
Punjab,Faridkot,8,13.028182065861552,12.203805439102394,964,15485,15.063278008298756
Punjab,Fatehgarh Sahib,7,12.657181549239036,11.840519097487544,915,14135,14.448087431693988
Punjab,Fazilka,10,14.441060323865784,13.532194127833412,2085,35563,16.056594724220624
Punjab,Ferozepur,14,18.556988345860127,17.335601900764953,1706,33343,18.544548651817117
Punjab,Gurdaspur,27,12.72211787710949,11.815166352080347,5159,69987,12.566001163016088
Punjab,Hoshiarpur,26,10.801355798466249,9.980931959698268,3681,42041,10.421081227927194
Punjab,Jalandhar,36,10.978989638464073,10.30810194349266,3659,46893,11.815796665755672
Punjab,Kapurthala,13,9.024627233094552,8.480467631036955,3650,12899,2.533972602739726
Punjab,Ludhiana,43,8.811586201932572,8.286448941442972,17101,113570,5.641132097538156
Punjab,Malerkotla,5,11.664361567550836,11.079275438384002,371,5073,12.673854447439354
Punjab,Mansa,9,17.651744326983938,16.66583643680765,1120,23642,20.10892857142857
Punjab,Moga,16,10.309324782038606,9.812467842444793,1350,20592,14.253333333333334
Punjab,Pathankot,8,10.28788958487854,9.481973828038342,1055,16303,14.45308056872038
Punjab,Patiala,18,13.652427426983893,12.640043594578312,5221,89607,16.162804060524802
Punjab,Rupnagar,16,9.875745985886969,9.086538943617102,1158,12757,10.016407599309154
Punjab,SAS Nagar (Mohali),15,13.544136999012608,12.396588060481001,2063,35549,16.231701405719825
Punjab,Sangrur,13,11.92869706422571,11.287824118945672,2877,40350,13.02502606882169
Punjab,Shaheed Bhagat Singh Nagar,11,6.69660286903719,6.185876592005747,739,5712,6.7293640054127195
Punjab,Sri Muktsar Sahib,11,16.71431542356893,15.658478666513775,1500,23721,14.814
Punjab,Tarn Taran,23,8.730366523489698,8.28602850051302,3278,38964,10.886516168395364
Rajasthan,Ajmer,50,9.174523852758258,8.173874757036911,10583,111431,9.529245015591043
Rajasthan,Alwar,46,7.06530018131256,6.1973100292930905,23357,145966,5.249347090807895
Rajasthan,Banswara,16,15.367022715410496,14.653631241797688,6873,102930,13.975993016150152
Rajasthan,Baran,14,13.054810230702898,12.023627975097403,6403,79667,11.442136498516321
Rajasthan,Barmer,27,5.543049819720694,4.992228572052818,15852,112224,6.079485238455716
Rajasthan,Bharatpur,32,5.373045756760622,4.80780780576611,17123,106360,5.211528353676342
Rajasthan,Bhilwara,32,8.803410183379304,8.101225665109652,11078,97707,7.81991334175844
Rajasthan,Bikaner,25,5.609445143933402,4.83259648013238,12968,79084,5.098396051819864
Rajasthan,Bundi,16,8.87151460499484,7.9668786901620985,4846,48512,9.010730499380932
Rajasthan,Chittorgarh,24,14.09318426972161,12.992608928773867,4873,50570,9.377590806484712
Rajasthan,Churu,26,5.506737679345783,4.871130366177949,13089,78623,5.006799602719841
Rajasthan,Dausa,25,7.226234584285337,6.2732832583813805,6157,50608,7.219587461426019
Rajasthan,Dholpur,13,8.716625044322308,7.682853130632084,8719,78045,7.951141185915816
Rajasthan,Dungarpur,26,16.899992907677948,16.17340537311329,6571,95313,13.50509815857556
Rajasthan,Ganganagar,25,10.279942846738289,9.42491373209169,5425,67907,11.51741935483871
Rajasthan,Hanumangarh,17,15.060228446414529,13.77238915596976,4996,78359,14.684347477982385
Rajasthan,Jaipur,73,7.033628110291373,6.134741359785077,31010,274797,7.861560786842954
Rajasthan,Jaisalmer,11,4.776782420822828,4.202858234488388,2960,22051,6.449662162162162
Rajasthan,Jalor,21,3.804686168001323,3.5016896021955652,14485,67722,3.6753192958232654
Rajasthan,Jhalawar,18,11.306481027551131,10.414692167495637,7072,81385,10.50805995475113
Rajasthan,Jhunjhunu,6,6.944686359240474,6.169313443748187,1353,10390,6.6792313377679235
Rajasthan,Jhunjhunun,42,5.468634912325423,4.795597957060481,6566,46989,6.156411818458727
Rajasthan,Jodhpur,39,7.109310815988354,6.421596282969983,22084,139019,5.295009961963412
Rajasthan,Karauli,24,6.803477977717475,5.829112653843192,9091,61361,5.7496425035749645
Rajasthan,Kota,27,11.869605066062514,10.626297375925706,7353,91864,11.493404052767579
Rajasthan,Nagaur,47,6.0934181327884485,5.411579569391345,17269,104147,5.030864554982918
Rajasthan,Pali,44,5.526174206717514,5.041936632165667,9114,66416,6.287250384024578
Rajasthan,Pratapgarh,11,9.702488823769132,8.911517053948884,4211,47789,10.348610781287105
Rajasthan,Rajsamand,21,9.471803887394866,8.47809920649011,7799,73864,8.4709578151045
Rajasthan,Sawai Madhopur,20,6.1172575939512415,5.425950914639633,6289,42240,5.71648910796629
Rajasthan,Sikar,56,5.847473529453224,5.040668971224906,11400,78337,5.871666666666667
Rajasthan,Sirohi,19,5.026008669418997,4.517186620670904,10732,41293,2.847651882221394
Rajasthan,Tonk,16,8.617284785250437,7.768727023615761,5915,56628,8.573626373626373
Rajasthan,Udaipur,38,9.568343497225463,8.875449982603417,13100,113589,7.670916030534351
Tamil Nadu,Ariyalur,23,9.196743788130659,7.308872796073101,2405,23037,8.578794178794178
Tamil Nadu,Chengalpattu,10,9.402842267843244,8.048458146898541,1499,16317,9.885256837891928
Tamil Nadu,Chennai,60,12.691841002503876,10.909719319060297,11091,152647,12.763141285727166
Tamil Nadu,Coimbatore,88,11.853833659309624,10.398868799723981,9008,118491,12.153974245115453
Tamil Nadu,Cuddalore,61,8.52030069843751,7.216255548522362,8987,84669,8.421275175253143
Tamil Nadu,Dharmapuri,29,6.395720979621469,5.113238788760911,5974,43093,6.213424840977569
Tamil Nadu,Dindigul,49,8.798942033604318,7.312161957454798,5931,56120,8.462148035744393
Tamil Nadu,Erode,53,10.192053706275537,8.8983687135849,6116,69448,10.355134074558535
Tamil Nadu,Kallakurichi,7,8.817961794408674,7.477594945213513,1311,11919,8.091533180778033
Tamil Nadu,Kancheepuram,71,9.607195815862278,8.257774446335459,12843,145104,10.298294790936698
Tamil Nadu,Kanniyakumari,22,12.307876947590938,9.983741173474478,1530,20215,12.212418300653594
Tamil Nadu,Kanyakumari,32,13.369824369193186,10.818514927319884,2498,36110,13.45556445156125
Tamil Nadu,Karur,29,6.140098929729559,5.230197507618448,4103,28060,5.838898367048501
Tamil Nadu,Krishnagiri,32,11.065509558093899,9.336484456000377,4849,60213,11.417611878737883
Tamil Nadu,Madurai,55,8.58959149710637,7.131670470364909,9945,106029,9.661538461538461
Tamil Nadu,Mayiladuthurai,7,6.314239023672711,5.488163787254032,387,2697,5.9689922480620154
Tamil Nadu,Nagapattinam,59,8.300197925597944,7.317220501870661,3834,36399,8.493740219092333
Tamil Nadu,Namakkal,48,8.379397935519796,6.502146583165184,4821,45000,8.334163036714374
Tamil Nadu,Perambalur,21,6.368867540677381,4.771496997225247,2071,15331,6.4027040077257364
Tamil Nadu,Pudukkottai,46,6.828560980576258,5.69354734416993,6890,50817,6.375471698113207
Tamil Nadu,Ramanathapuram,46,8.923257907449619,7.603686691608825,3687,35348,8.587198264171413
Tamil Nadu,Salem,81,9.439891938738372,7.890697825411061,10146,105687,9.416617386162034
Tamil Nadu,Sivaganga,48,6.457566533132954,5.274386095458724,4271,33625,6.872863498009834
Tamil Nadu,Tenkasi,13,7.7584955842259795,6.089058056932979,1832,16911,8.23089519650655
Tamil Nadu,Thanjavur,86,8.729986794991236,7.201755583414303,7426,77759,9.471182332345812
Tamil Nadu,The Nilgiris,20,7.341896322323369,5.978801310359795,1274,11290,7.861852433281005
Tamil Nadu,Theni,26,10.09188219069349,8.586306489426132,3378,37789,10.18679692125518
Tamil Nadu,Thiruvarur,57,7.665043788241005,6.482513527519367,4002,35139,7.780359820089955
Tamil Nadu,Thoothukkudi,51,7.430840268951469,6.137134702840071,4688,40099,7.5535409556314
Tamil Nadu,Tiruchirappalli,75,6.623528862158285,5.371086109768535,9570,71229,6.44294670846395
Tamil Nadu,Tirunelveli,87,6.939379892490033,5.48306817720357,8883,71104,7.004502983226388
Tamil Nadu,Tirupattur,11,7.4970437550039755,6.458090774172543,1275,12088,8.48078431372549
Tamil Nadu,Tiruppur,45,11.260833606085601,9.49280517346913,5659,80163,13.165576957059551
Tamil Nadu,Tiruvallur,58,10.111691572236147,8.772848735052769,10434,135819,12.01696377228292
Tamil Nadu,Tiruvannamalai,66,7.803391488129076,6.5587707214739455,7323,65675,7.968318994947426
Tamil Nadu,Vellore,82,8.295421401820553,7.00739151901095,9279,85222,8.184394870136869
Tamil Nadu,Villupuram,32,4.902998550057326,3.8812152908986643,5736,34889,5.082461645746164
Tamil Nadu,Viluppuram,35,5.6698301887751095,4.6497729378691375,5256,34988,5.6567732115677325
Tamil Nadu,Virudhunagar,46,8.61816586865358,7.127999939735134,5166,55384,9.720867208672086
Telangana,Adilabad,15,16.723490424376816,14.785179829224038,2541,41779,15.441951987406533
Telangana,Bhadradri Kothagudem,14,14.574056627819274,12.065182211518382,2551,36794,13.423363386907095
Telangana,Hanumakonda,13,16.76147276803091,14.676954275544169,1027,18888,17.39143135345667
Telangana,Hyderabad,39,9.564188553802904,7.9675049071406665,20564,195204,8.492511184594436
Telangana,Jagitial,12,9.968605755216288,8.727050026755316,1821,19867,9.909939593629874
Telangana,Jangoan,8,17.347473287090093,15.337224525473399,907,15127,15.678059536934951
Telangana,Jayashankar Bhupalpally,5,19.18025668036278,17.43201965935669,748,13651,17.25
Telangana,K.v. Rangareddy,46,9.852553555300068,8.135508062114809,18185,205621,10.307176244157272
Telangana,Kamareddy,12,11.28987313434297,9.491440491672904,2022,23048,10.398615232443126
Telangana,Karimnagar,41,14.167278694799712,12.566414927158126,5392,79046,13.65986646884273
Telangana,Khammam,28,14.687399542815609,12.263590492822432,4538,63452,12.98237108858528
Telangana,Mahabubabad,10,14.819085729499056,12.806329136942491,1738,29196,15.798619102416572
Telangana,Mahabubnagar,36,10.68451311619766,8.60488696384975,10829,122860,10.345461261427648
Telangana,Mancherial,11,22.34655406186727,19.857242503028093,1164,26127,21.445876288659793
Telangana,Medak,51,8.603241487235591,7.171558882091027,9930,96865,8.754783484390735
Telangana,Medchal-malkajgiri,10,12.507493211729152,10.184574166138667,3050,36779,11.058688524590163
Telangana,Mulugu,9,16.7933431799062,14.67625501638316,1216,20115,15.541940789473685
Telangana,Nagarkurnool,6,13.511339902904398,11.117396742177556,1461,21517,13.727583846680355
Telangana,Nalgonda,32,14.643516227305835,13.061787820232144,6814,102495,14.041825653067214
Telangana,Nirmal,9,20.115142570363005,17.33718709867943,1338,28028,19.94768310911809
Telangana,Nizamabad,34,8.972591895485238,7.2973138349619715,5465,54060,8.892040256175664
Telangana,Peddapalli,5,14.205009915256877,12.68041200774047,448,7152,14.964285714285714
Telangana,Rajanna Sircilla,6,10.264170050775904,8.740445754846137,839,9104,9.851013110846246
Telangana,Sangareddy,8,5.810704789736258,4.621750721113881,1106,7269,5.5723327305605785
Telangana,Siddipet,15,12.918118972144226,11.178040162650243,2206,32284,13.634632819582956
Telangana,Suryapet,9,20.73443898576446,18.268385183160152,1457,31349,20.516129032258064
Telangana,Vikarabad,9,21.20027581070677,17.88917770693353,2137,39351,17.41413196069256
Telangana,Wanaparthy,5,12.988996168080206,10.26051916082302,1418,20081,13.161495063469676
Telangana,Warangal,14,14.445579925777292,12.643638279344737,2030,31287,14.412315270935961
Telangana,Warangal Urban,5,19.130122698302376,16.782257293372993,1255,27634,21.019123505976097
Telangana,Yadadri.,7,16.976988832947413,14.988677944811773,1362,23490,16.24669603524229
Tripura,Dhalai,8,13.354439455298332,12.302585369198942,1358,14699,9.824005891016201
Tripura,Gomati,6,19.814970617813753,17.63043655337773,914,14733,15.11925601750547
Tripura,North Tripura,11,12.024748877510667,10.995985617617139,1176,12150,9.331632653061224
Tripura,South Tripura,9,11.127884891101786,9.875231538469722,1768,21405,11.106900452488688
Tripura,Unakoti,8,7.357658751921481,6.598377208311854,1022,6951,5.801369863013699
Tripura,West Tripura,18,11.26518510955004,10.067044029613347,2879,33665,10.693296283431748
Uttar Pradesh,Agra,28,7.950116204518458,7.001614294142587,29902,175917,4.88311818607451
Uttar Pradesh,Aligarh,32,8.907646630161766,7.947650952448448,27009,197786,6.322966418601207
Uttar Pradesh,Allahabad,25,12.730076380430424,11.278364614860696,9726,136490,13.033518404277196
Uttar Pradesh,Ambedkar Nagar,26,8.422914237868072,7.399016823493562,7632,70980,8.300314465408805
Uttar Pradesh,Amethi,27,9.40264121841513,8.336280084639672,7383,77368,9.479208993634025
Uttar Pradesh,Amroha,12,9.985229637496223,9.089000886460182,10135,108214,9.677257030093735
Uttar Pradesh,Auraiya,15,12.290307397883236,10.798313644148822,3866,52856,12.672012415933782
Uttar Pradesh,Ayodhya,11,9.381376634726697,8.27967361135438,1906,18322,8.61280167890871
Uttar Pradesh,Azamgarh,45,8.629197331665711,7.532047250620977,21842,174583,6.992995146964564
Uttar Pradesh,Baghpat,15,7.691686753444776,6.901628598471414,8124,56069,5.9016494337764644
Uttar Pradesh,Bahraich,17,4.349503661939614,3.919534073509954,27117,108317,2.9944315374119554
Uttar Pradesh,Ballia,39,10.276637018545546,8.913543839902477,9976,104948,9.520048115477145
Uttar Pradesh,Balrampur,13,7.1849620586959,6.620117571094127,11943,74838,5.266264757598593
Uttar Pradesh,Banda,11,9.449331702320869,8.660452330125175,10826,72000,5.650655828560872
Uttar Pradesh,Bara Banki,30,10.096254260469282,9.263204123322772,9834,95957,8.757677445596908
Uttar Pradesh,Barabanki,5,8.691683597342065,7.862047560822106,1556,17788,10.431876606683804
Uttar Pradesh,Bareilly,24,11.599134695062068,10.470017442608414,27794,241582,7.691875944448442
Uttar Pradesh,Basti,26,7.85794862850659,6.948671224697637,12278,109526,7.920508226095455
Uttar Pradesh,Bijnor,27,11.317331599408796,10.375255147583735,16870,227610,12.49199762892709
Uttar Pradesh,Budaun,23,11.545997459642447,10.43730421555259,15696,173151,10.031536697247706
Uttar Pradesh,Bulandshahr,35,9.636770315579085,8.373783944183254,17157,175357,9.220726234190126
Uttar Pradesh,Chandauli,18,10.775175579697523,9.486502476055604,15780,128687,7.155069708491761
Uttar Pradesh,Chitrakoot,6,7.802764500587081,7.055996897702112,5166,41955,7.12137049941928
Uttar Pradesh,Deoria,25,11.339459133603812,9.954598706496494,9853,104508,9.606718765858114
Uttar Pradesh,Etah,11,8.999358618390273,7.9847090343499465,11008,56880,4.167151162790698
Uttar Pradesh,Etawah,14,9.415525108755917,8.354177330489224,7021,61023,7.691496937758154
Uttar Pradesh,Faizabad,28,10.498327225902955,9.351672953987883,7083,71744,9.12904136665255
Uttar Pradesh,Farrukhabad,23,11.819321179115091,10.63422475891289,5856,70067,10.964993169398907
Uttar Pradesh,Fatehpur,26,11.171249450680145,10.091447788484222,12330,107115,7.68734793187348
Uttar Pradesh,Firozabad,20,10.793846028547698,9.627619097145061,12298,138758,10.282972841112375
Uttar Pradesh,Gautam Buddha Nagar,18,11.793927630113005,10.53387284815238,19963,184652,8.249711967139207
Uttar Pradesh,Ghaziabad,22,9.72561812553267,8.785281917772087,21707,205716,8.476942921638182
Uttar Pradesh,Ghazipur,41,10.970632527526563,9.4354856810002,11287,127817,10.32426685567467
Uttar Pradesh,Gonda,31,8.898119195679268,8.02882002171798,15126,125037,7.266362554541849
Uttar Pradesh,Gorakhpur,38,8.775566639111194,7.6448388357191694,20355,160670,6.893392286907393
Uttar Pradesh,Hamirpur,12,10.6230932805115,9.824114314512176,2980,34537,10.589597315436242
Uttar Pradesh,Hardoi,23,7.562073295824108,6.8633009392840005,25193,143945,4.71369031080062
Uttar Pradesh,Hathras,14,11.58139813390944,10.375327523741811,4209,50981,11.112378237110953
Uttar Pradesh,Jalaun,17,10.451179321277268,9.574567418421672,5479,59437,9.848147472166454
Uttar Pradesh,Jaunpur,44,10.715358208922124,9.245938115949208,15714,153970,8.798269059437445
Uttar Pradesh,Jhansi,22,9.966888480271002,9.12050525595908,7213,72933,9.111326771107722
Uttar Pradesh,Kannauj,17,9.154282173444857,8.049068738868545,6640,59707,7.992018072289157
Uttar Pradesh,Kanpur Dehat,19,10.195900790089803,9.10692425318007,15735,123673,6.859739434381951
Uttar Pradesh,Kanpur Nagar,37,6.968700190053615,6.283826964855852,16983,118498,5.977448036271566
Uttar Pradesh,Kasganj,11,11.229782550780255,10.1055828481256,6597,54713,7.2936183113536455
Uttar Pradesh,Kaushambi,11,9.823021569638682,8.556531168330881,6797,73210,9.770928350742976
Uttar Pradesh,Kheri,27,8.404991254975013,7.796604611619016,31972,197951,5.191386212936319
Uttar Pradesh,Kushinagar,17,12.863173672147713,11.341661837329774,11727,161765,12.794235524857168
Uttar Pradesh,Lalitpur,10,8.329973280619138,7.514563641280285,4729,46611,8.856417847325016
Uttar Pradesh,Lucknow,48,7.966495581442506,7.247006441358014,25470,208865,7.200431880643895
Uttar Pradesh,Maharajganj,13,7.9015815686007675,6.95401194894493,17483,107022,5.121489446891266
Uttar Pradesh,Mahoba,9,10.425428815909086,9.50106276114633,3505,40234,10.479029957203995
Uttar Pradesh,Mainpuri,17,6.719201113695266,5.983838775096497,11684,69285,4.92990414241698
Uttar Pradesh,Mathura,24,9.17680239034791,8.095244604826831,10595,107518,9.147994336951392
Uttar Pradesh,Mau,18,10.696101370297848,9.159766647317564,6286,71710,10.407890550429526
Uttar Pradesh,Meerut,21,7.756486156162837,7.049250917655256,23898,165593,5.929157251652858
Uttar Pradesh,Mirzapur,16,10.910697428223484,9.675686681705713,8648,101059,10.685823311748381
Uttar Pradesh,Moradabad,11,8.497763805255538,7.74663504326439,18707,130973,6.001282942214145
Uttar Pradesh,Muzaffarnagar,22,12.012218930776756,10.895366944942731,13743,145717,9.602997889834825
Uttar Pradesh,Pilibhit,9,11.866293726038041,10.768800557988586,13638,136319,8.995527203402258
Uttar Pradesh,Pratapgarh,38,9.263340360890417,8.2326590072354,10295,104604,9.160660514813015
Uttar Pradesh,Prayagraj,16,11.32273586811029,10.059855216389053,7024,82388,10.729498861047835
Uttar Pradesh,Rae Bareli,37,10.077331879806538,8.975736914108785,9697,107527,10.088687222852428
Uttar Pradesh,Rampur,10,8.060081677002156,7.340292495844933,21226,170305,7.0234146801093
Uttar Pradesh,Saharanpur,18,9.60541200865468,8.670851785099025,18839,164244,7.71829714953023
Uttar Pradesh,Sambhal,13,10.666521865819583,9.702411350483167,8222,97148,10.815616638287521
Uttar Pradesh,Sant Kabir Nagar,14,10.45582918091019,9.240379492100312,5834,69723,10.951148440178265
Uttar Pradesh,Sant Ravidas Nagar,11,10.645113752208678,9.251547187791585,4544,55207,11.149427816901408
Uttar Pradesh,Shahjahanpur,17,7.940382900084735,7.110446189410881,24291,149472,5.153390144497962
Uttar Pradesh,Shamli,7,8.388520752932022,7.508937032520647,6406,65531,9.229628473306276
Uttar Pradesh,Shrawasti,7,7.183521745244571,6.576590787433853,12617,69132,4.479273995403028
Uttar Pradesh,Siddharthnagar,13,4.937247492038415,4.362528397900361,17900,82516,3.609832402234637
Uttar Pradesh,Sitapur,25,6.736621322431611,6.183623734718221,31215,169322,4.4243793048214
Uttar Pradesh,Sonbhadra,19,13.455686843415764,12.060154625903385,4028,58223,13.454568023833168
Uttar Pradesh,Sultanpur,25,8.151622537515166,7.116580879236632,11272,82012,6.2757274662881475
Uttar Pradesh,Unnao,26,8.786139235463454,8.024974545521623,19111,124161,5.496834283920255
Uttar Pradesh,Varanasi,32,8.171020049281312,7.103142055128201,17085,124068,6.26180860403863
Uttarakhand,Almora,21,10.575302627040754,9.223925896545055,1728,19507,10.288773148148149
Uttarakhand,Bageshwar,9,7.523826119940168,6.4107747688739,631,5528,7.760697305863708
Uttarakhand,Chamoli,11,10.591897133350464,9.477515039827379,801,8954,10.178526841448189
Uttarakhand,Champawat,8,12.61517430968759,11.080296879415052,861,12395,13.396051103368176
Uttarakhand,Dehradun,28,10.121568950516167,9.034036874692363,9346,81100,7.677509094799914
Uttarakhand,Haridwar,14,11.309122670708664,10.106128716584339,5720,64737,10.317657342657343
Uttarakhand,Nainital,14,9.34226454604745,8.112603090673973,3389,42872,11.650339333136618
Uttarakhand,Pauri Garhwal,19,8.246727341905038,7.34984805377577,1100,9644,7.7672727272727276
Uttarakhand,Pithoragarh,19,11.179632586610039,9.884515505979598,1133,14176,11.511915269196823
Uttarakhand,Rudraprayag,10,7.870517552507361,6.96899536173729,947,7982,7.428722280887012
Uttarakhand,Tehri Garhwal,21,9.665302522666575,8.574524105138154,2943,28113,8.55249745158002
Uttarakhand,Udham Singh Nagar,11,19.872018485757337,17.616857741569852,6041,134637,21.287204105280583
Uttarakhand,Uttarkashi,7,7.662942934339919,6.4639204906925745,924,7558,7.17965367965368
West Bengal,Bankura,51,11.959612131745848,11.162122523791158,11289,144410,11.792098502967491
West Bengal,Barddhaman,66,9.739469879633127,9.109194754549593,11754,124267,9.57231580738472
West Bengal,Bardhaman,12,11.096516535275823,10.385707502739818,2385,27595,10.570230607966456
West Bengal,Birbhum,41,9.769983465886282,9.00036143908551,15388,152996,8.942552638419548
West Bengal,Cooch Behar,20,12.218778830055065,11.519789005622028,13042,122932,8.425854930225425
West Bengal,Dakshin Dinajpur,14,13.649418320789646,12.927702930219256,6256,72308,10.558184143222507
West Bengal,Darjeeling,30,9.750900730859835,9.177403184285428,5636,42637,6.565117104329311
West Bengal,East Midnapore,16,7.413828181676351,6.729633619856633,4026,34622,7.5996025832091405
West Bengal,Haora,15,11.545812679200777,10.97016693418173,2658,29026,9.920240782543265
West Bengal,Hooghly,78,11.482340602432387,10.856867687441154,14443,165036,10.426711901959427
West Bengal,Howrah,35,10.802633945333255,10.2376365195137,11443,116390,9.171283754260246
West Bengal,Jalpaiguri,49,15.700737013272871,14.89815982936688,12742,165509,11.98924815570554
West Bengal,Jhargram,7,12.100399027482647,11.195019126462554,1856,22902,11.339439655172415
West Bengal,Koch Bihar,13,16.23883343539672,15.333574231921059,6014,82528,12.722647156634519
West Bengal,Kolkata,54,12.797290431782734,12.348426776275842,10987,113928,9.369345590243014
West Bengal,Malda,24,12.400141186234803,11.429925785843544,13415,163629,11.197465523667537
West Bengal,Maldah,7,10.5763786002306,9.565671309058944,3890,50898,12.084318766066838
West Bengal,Murshidabad,70,9.505388365602114,8.682256608389881,35470,365193,9.295827459825205
West Bengal,Nadia,73,12.349612185962267,11.72089600541414,18925,201935,9.670277410832233
West Bengal,North 24 Parganas,104,11.557044190154553,11.016160223109003,30138,280899,8.320426040215011
West Bengal,North Dinajpur,5,8.319445352437139,7.67800381950061,16640,109122,5.5578125
West Bengal,North Twenty Four Parganas,11,7.023334918829253,6.648432281638,6246,46856,6.501761127121358
West Bengal,Paschim Bardhaman,17,11.498856951397315,10.894784078129543,2625,31344,10.94057142857143
West Bengal,Paschim Medinipur,60,10.093550084986482,9.351827458147662,18629,210245,10.28589833055988
West Bengal,Purba Bardhaman,16,7.990397797422139,7.417018299694354,3933,39996,9.16933638443936
West Bengal,Purba Medinipur,58,6.633756829718184,6.017410011642323,11767,88481,6.5194187133508965
West Bengal,Puruliya,33,10.256799421150564,9.418209872806031,13250,153062,10.551849056603773
West Bengal,South 24 Parganas,64,10.59902521168195,9.965986755157031,31212,349163,10.18681917211329
West Bengal,South Twenty Four Parganas,11,10.098871182001629,9.536574334927401,5286,56409,9.671396140749149
West Bengal,Uttar Dinajpur,17,10.56556523617027,9.841964699719728,23531,179103,6.611363732948026
West Bengal,West Midnapore,6,10.461605217401077,9.929605809113495,1771,21250,10.998870694522868
